{"@t":"2024-08-05T09:51:48.3294695Z","@m":"The WebRootPath was not found: \"D:\\Ravi\\TAP\\TAP\\TFLECommerce\\ECommerceSolution\\ShoppingStoreApp\\ShoppingStoreApp.Server\\wwwroot\". Static files may be unavailable.","@i":"3ae2c740","@l":"Warning","WebRootPath":"D:\\Ravi\\TAP\\TAP\\TFLECommerce\\ECommerceSolution\\ShoppingStoreApp\\ShoppingStoreApp.Server\\wwwroot","EventId":{"Id":16,"Name":"WebRootPathNotFound"},"SourceContext":"Microsoft.AspNetCore.StaticFiles.StaticFileMiddleware"}
{"@t":"2024-08-05T09:51:48.7898947Z","@m":"The WebRootPath was not found: \"D:\\Ravi\\TAP\\TAP\\TFLECommerce\\ECommerceSolution\\ShoppingStoreApp\\ShoppingStoreApp.Server\\wwwroot\". Static files may be unavailable.","@i":"3ae2c740","@l":"Warning","WebRootPath":"D:\\Ravi\\TAP\\TAP\\TFLECommerce\\ECommerceSolution\\ShoppingStoreApp\\ShoppingStoreApp.Server\\wwwroot","EventId":{"Id":16,"Name":"WebRootPathNotFound"},"SourceContext":"Microsoft.AspNetCore.StaticFiles.StaticFileMiddleware"}
{"@t":"2024-08-05T09:51:48.8667512Z","@m":"Now listening on: \"http://localhost:5268\"","@i":"d826f4b8","address":"http://localhost:5268","EventId":{"Id":14,"Name":"ListeningOnAddress"},"SourceContext":"Microsoft.Hosting.Lifetime"}
{"@t":"2024-08-05T09:51:48.8709214Z","@m":"Application started. Press Ctrl+C to shut down.","@i":"dcaefe54","SourceContext":"Microsoft.Hosting.Lifetime"}
{"@t":"2024-08-05T09:51:48.8718004Z","@m":"Hosting environment: \"Development\"","@i":"bc5a1a4e","EnvName":"Development","SourceContext":"Microsoft.Hosting.Lifetime"}
{"@t":"2024-08-05T09:51:48.8718670Z","@m":"Content root path: \"D:\\Ravi\\TAP\\TAP\\TFLECommerce\\ECommerceSolution\\ShoppingStoreApp\\ShoppingStoreApp.Server\"","@i":"cc26f24e","ContentRoot":"D:\\Ravi\\TAP\\TAP\\TFLECommerce\\ECommerceSolution\\ShoppingStoreApp\\ShoppingStoreApp.Server","SourceContext":"Microsoft.Hosting.Lifetime"}
{"@t":"2024-08-05T09:51:51.0937808Z","@m":"Request starting \"HTTP/1.1\" \"GET\" \"http\"://\"localhost:5268\"\"\"\"/weatherforecast\"\"\" - null null","@i":"d509f86a","Protocol":"HTTP/1.1","Method":"GET","ContentType":null,"ContentLength":null,"Scheme":"http","Host":"localhost:5268","PathBase":"","Path":"/weatherforecast","QueryString":"","EventId":{"Id":1},"SourceContext":"Microsoft.AspNetCore.Hosting.Diagnostics","RequestId":"0HN5L6GSP41FE:00000001","RequestPath":"/weatherforecast","ConnectionId":"0HN5L6GSP41FE"}
{"@t":"2024-08-05T09:51:51.2559902Z","@m":"Executing endpoint '\"ShoppingStoreApp.Server.Controllers.WeatherForecastController.Get (ShoppingStoreApp.Server)\"'","@i":"500cc934","EndpointName":"ShoppingStoreApp.Server.Controllers.WeatherForecastController.Get (ShoppingStoreApp.Server)","EventId":{"Name":"ExecutingEndpoint"},"SourceContext":"Microsoft.AspNetCore.Routing.EndpointMiddleware","RequestId":"0HN5L6GSP41FE:00000001","RequestPath":"/weatherforecast","ConnectionId":"0HN5L6GSP41FE"}
{"@t":"2024-08-05T09:51:51.2759811Z","@m":"Route matched with \"{action = \\\"Get\\\", controller = \\\"WeatherForecast\\\"}\". Executing controller action with signature \"System.Collections.Generic.IEnumerable`1[ShoppingStoreApp.Server.WeatherForecast] Get()\" on controller \"ShoppingStoreApp.Server.Controllers.WeatherForecastController\" (\"ShoppingStoreApp.Server\").","@i":"122b2fdf","RouteData":"{action = \"Get\", controller = \"WeatherForecast\"}","MethodInfo":"System.Collections.Generic.IEnumerable`1[ShoppingStoreApp.Server.WeatherForecast] Get()","Controller":"ShoppingStoreApp.Server.Controllers.WeatherForecastController","AssemblyName":"ShoppingStoreApp.Server","EventId":{"Id":102,"Name":"ControllerActionExecuting"},"SourceContext":"Microsoft.AspNetCore.Mvc.Infrastructure.ControllerActionInvoker","ActionId":"cbbc72b7-acdd-4d8d-86a4-6e7b7c1332b9","ActionName":"ShoppingStoreApp.Server.Controllers.WeatherForecastController.Get (ShoppingStoreApp.Server)","RequestId":"0HN5L6GSP41FE:00000001","RequestPath":"/weatherforecast","ConnectionId":"0HN5L6GSP41FE"}
{"@t":"2024-08-05T09:51:51.2900463Z","@m":"Executing \"ObjectResult\", writing value of type '\"ShoppingStoreApp.Server.WeatherForecast[]\"'.","@i":"605b4265","ObjectResultType":"ObjectResult","Type":"ShoppingStoreApp.Server.WeatherForecast[]","EventId":{"Id":1,"Name":"ObjectResultExecuting"},"SourceContext":"Microsoft.AspNetCore.Mvc.Infrastructure.ObjectResultExecutor","ActionId":"cbbc72b7-acdd-4d8d-86a4-6e7b7c1332b9","ActionName":"ShoppingStoreApp.Server.Controllers.WeatherForecastController.Get (ShoppingStoreApp.Server)","RequestId":"0HN5L6GSP41FE:00000001","RequestPath":"/weatherforecast","ConnectionId":"0HN5L6GSP41FE"}
{"@t":"2024-08-05T09:51:51.3409524Z","@m":"Executed action \"ShoppingStoreApp.Server.Controllers.WeatherForecastController.Get (ShoppingStoreApp.Server)\" in 59.709ms","@i":"afa2e885","ActionName":"ShoppingStoreApp.Server.Controllers.WeatherForecastController.Get (ShoppingStoreApp.Server)","ElapsedMilliseconds":59.709,"EventId":{"Id":105,"Name":"ActionExecuted"},"SourceContext":"Microsoft.AspNetCore.Mvc.Infrastructure.ControllerActionInvoker","RequestId":"0HN5L6GSP41FE:00000001","RequestPath":"/weatherforecast","ConnectionId":"0HN5L6GSP41FE"}
{"@t":"2024-08-05T09:51:51.3411301Z","@m":"Executed endpoint '\"ShoppingStoreApp.Server.Controllers.WeatherForecastController.Get (ShoppingStoreApp.Server)\"'","@i":"99874f2b","EndpointName":"ShoppingStoreApp.Server.Controllers.WeatherForecastController.Get (ShoppingStoreApp.Server)","EventId":{"Id":1,"Name":"ExecutedEndpoint"},"SourceContext":"Microsoft.AspNetCore.Routing.EndpointMiddleware","RequestId":"0HN5L6GSP41FE:00000001","RequestPath":"/weatherforecast","ConnectionId":"0HN5L6GSP41FE"}
{"@t":"2024-08-05T09:51:51.3453790Z","@m":"Request finished \"HTTP/1.1\" \"GET\" \"http\"://\"localhost:5268\"\"\"\"/weatherforecast\"\"\" - 200 null \"application/json; charset=utf-8\" 258.6179ms","@i":"74253ad3","ElapsedMilliseconds":258.6179,"StatusCode":200,"ContentType":"application/json; charset=utf-8","ContentLength":null,"Protocol":"HTTP/1.1","Method":"GET","Scheme":"http","Host":"localhost:5268","PathBase":"","Path":"/weatherforecast","QueryString":"","EventId":{"Id":2},"SourceContext":"Microsoft.AspNetCore.Hosting.Diagnostics","RequestId":"0HN5L6GSP41FE:00000001","RequestPath":"/weatherforecast","ConnectionId":"0HN5L6GSP41FE"}
{"@t":"2024-08-05T09:51:51.4465611Z","@m":"Request starting \"HTTP/1.1\" \"GET\" \"http\"://\"localhost:5268\"\"\"\"/favicon.ico\"\"\" - null null","@i":"d509f86a","Protocol":"HTTP/1.1","Method":"GET","ContentType":null,"ContentLength":null,"Scheme":"http","Host":"localhost:5268","PathBase":"","Path":"/favicon.ico","QueryString":"","EventId":{"Id":1},"SourceContext":"Microsoft.AspNetCore.Hosting.Diagnostics","RequestId":"0HN5L6GSP41FE:00000002","RequestPath":"/favicon.ico","ConnectionId":"0HN5L6GSP41FE"}
{"@t":"2024-08-05T09:51:51.4504300Z","@m":"Request finished \"HTTP/1.1\" \"GET\" \"http\"://\"localhost:5268\"\"\"\"/favicon.ico\"\"\" - 404 0 null 4.1531ms","@i":"74253ad3","ElapsedMilliseconds":4.1531,"StatusCode":404,"ContentType":null,"ContentLength":0,"Protocol":"HTTP/1.1","Method":"GET","Scheme":"http","Host":"localhost:5268","PathBase":"","Path":"/favicon.ico","QueryString":"","EventId":{"Id":2},"SourceContext":"Microsoft.AspNetCore.Hosting.Diagnostics","RequestId":"0HN5L6GSP41FE:00000002","RequestPath":"/favicon.ico","ConnectionId":"0HN5L6GSP41FE"}
{"@t":"2024-08-05T09:51:51.4509700Z","@m":"Request reached the end of the middleware pipeline without being handled by application code. Request path: \"GET\" \"http\"://\"localhost:5268\"\"\"\"/favicon.ico\", Response status code: 404","@i":"e353595a","Method":"GET","Scheme":"http","Host":"localhost:5268","PathBase":"","Path":"/favicon.ico","StatusCode":404,"EventId":{"Id":16},"SourceContext":"Microsoft.AspNetCore.Hosting.Diagnostics","RequestId":"0HN5L6GSP41FE:00000002","RequestPath":"/favicon.ico","ConnectionId":"0HN5L6GSP41FE"}
{"@t":"2024-08-05T09:51:52.8041057Z","@m":"No SPA development server running at https://localhost:4200 found.","@i":"c4331bfa","SourceContext":"Microsoft.AspNetCore.SpaProxy.SpaProxyLaunchManager"}
{"@t":"2024-08-05T09:51:56.1941863Z","@m":"Request starting \"HTTP/1.1\" \"GET\" \"http\"://\"localhost:5268\"\"\"\"/api/products\"\"\" - null null","@i":"d509f86a","Protocol":"HTTP/1.1","Method":"GET","ContentType":null,"ContentLength":null,"Scheme":"http","Host":"localhost:5268","PathBase":"","Path":"/api/products","QueryString":"","EventId":{"Id":1},"SourceContext":"Microsoft.AspNetCore.Hosting.Diagnostics","RequestId":"0HN5L6GSP41FE:00000003","RequestPath":"/api/products","ConnectionId":"0HN5L6GSP41FE"}
{"@t":"2024-08-05T09:51:56.2051675Z","@m":"Executing endpoint '\"ShoppingStoreApp.Server.Controllers.ProductsController.GetAllProducts (ShoppingStoreApp.Server)\"'","@i":"500cc934","EndpointName":"ShoppingStoreApp.Server.Controllers.ProductsController.GetAllProducts (ShoppingStoreApp.Server)","EventId":{"Name":"ExecutingEndpoint"},"SourceContext":"Microsoft.AspNetCore.Routing.EndpointMiddleware","RequestId":"0HN5L6GSP41FE:00000003","RequestPath":"/api/products","ConnectionId":"0HN5L6GSP41FE"}
{"@t":"2024-08-05T09:51:56.2190680Z","@m":"Route matched with \"{action = \\\"GetAllProducts\\\", controller = \\\"Products\\\"}\". Executing controller action with signature \"System.Threading.Tasks.Task`1[System.Collections.Generic.IEnumerable`1[ShoppingStoreApp.Server.Models.Product]] GetAllProducts()\" on controller \"ShoppingStoreApp.Server.Controllers.ProductsController\" (\"ShoppingStoreApp.Server\").","@i":"122b2fdf","RouteData":"{action = \"GetAllProducts\", controller = \"Products\"}","MethodInfo":"System.Threading.Tasks.Task`1[System.Collections.Generic.IEnumerable`1[ShoppingStoreApp.Server.Models.Product]] GetAllProducts()","Controller":"ShoppingStoreApp.Server.Controllers.ProductsController","AssemblyName":"ShoppingStoreApp.Server","EventId":{"Id":102,"Name":"ControllerActionExecuting"},"SourceContext":"Microsoft.AspNetCore.Mvc.Infrastructure.ControllerActionInvoker","ActionId":"65391c85-3e53-4c66-b546-ae252815fbf0","ActionName":"ShoppingStoreApp.Server.Controllers.ProductsController.GetAllProducts (ShoppingStoreApp.Server)","RequestId":"0HN5L6GSP41FE:00000003","RequestPath":"/api/products","ConnectionId":"0HN5L6GSP41FE"}
{"@t":"2024-08-05T09:51:59.8882030Z","@m":"Get all products method invoked at  \"09:51:59\"","@i":"21e0685d","DT":"09:51:59","SourceContext":"ShoppingStoreApp.Server.Controllers.ProductsController","ActionId":"65391c85-3e53-4c66-b546-ae252815fbf0","ActionName":"ShoppingStoreApp.Server.Controllers.ProductsController.GetAllProducts (ShoppingStoreApp.Server)","RequestId":"0HN5L6GSP41FE:00000003","RequestPath":"/api/products","ConnectionId":"0HN5L6GSP41FE"}
{"@t":"2024-08-05T09:51:59.8907485Z","@m":"Executing \"ObjectResult\", writing value of type '\"System.Collections.Generic.List`1[[ShoppingStoreApp.Server.Models.Product, ShoppingStoreApp.Server, Version=1.0.0.0, Culture=neutral, PublicKeyToken=null]]\"'.","@i":"605b4265","ObjectResultType":"ObjectResult","Type":"System.Collections.Generic.List`1[[ShoppingStoreApp.Server.Models.Product, ShoppingStoreApp.Server, Version=1.0.0.0, Culture=neutral, PublicKeyToken=null]]","EventId":{"Id":1,"Name":"ObjectResultExecuting"},"SourceContext":"Microsoft.AspNetCore.Mvc.Infrastructure.ObjectResultExecutor","ActionId":"65391c85-3e53-4c66-b546-ae252815fbf0","ActionName":"ShoppingStoreApp.Server.Controllers.ProductsController.GetAllProducts (ShoppingStoreApp.Server)","RequestId":"0HN5L6GSP41FE:00000003","RequestPath":"/api/products","ConnectionId":"0HN5L6GSP41FE"}
{"@t":"2024-08-05T09:51:59.9012952Z","@m":"Executed action \"ShoppingStoreApp.Server.Controllers.ProductsController.GetAllProducts (ShoppingStoreApp.Server)\" in 3682.1078ms","@i":"afa2e885","ActionName":"ShoppingStoreApp.Server.Controllers.ProductsController.GetAllProducts (ShoppingStoreApp.Server)","ElapsedMilliseconds":3682.1078,"EventId":{"Id":105,"Name":"ActionExecuted"},"SourceContext":"Microsoft.AspNetCore.Mvc.Infrastructure.ControllerActionInvoker","RequestId":"0HN5L6GSP41FE:00000003","RequestPath":"/api/products","ConnectionId":"0HN5L6GSP41FE"}
{"@t":"2024-08-05T09:51:59.9018690Z","@m":"Executed endpoint '\"ShoppingStoreApp.Server.Controllers.ProductsController.GetAllProducts (ShoppingStoreApp.Server)\"'","@i":"99874f2b","EndpointName":"ShoppingStoreApp.Server.Controllers.ProductsController.GetAllProducts (ShoppingStoreApp.Server)","EventId":{"Id":1,"Name":"ExecutedEndpoint"},"SourceContext":"Microsoft.AspNetCore.Routing.EndpointMiddleware","RequestId":"0HN5L6GSP41FE:00000003","RequestPath":"/api/products","ConnectionId":"0HN5L6GSP41FE"}
{"@t":"2024-08-05T09:51:59.9037282Z","@m":"Request finished \"HTTP/1.1\" \"GET\" \"http\"://\"localhost:5268\"\"\"\"/api/products\"\"\" - 200 null \"application/json; charset=utf-8\" 3709.7073ms","@i":"74253ad3","ElapsedMilliseconds":3709.7073,"StatusCode":200,"ContentType":"application/json; charset=utf-8","ContentLength":null,"Protocol":"HTTP/1.1","Method":"GET","Scheme":"http","Host":"localhost:5268","PathBase":"","Path":"/api/products","QueryString":"","EventId":{"Id":2},"SourceContext":"Microsoft.AspNetCore.Hosting.Diagnostics","RequestId":"0HN5L6GSP41FE:00000003","RequestPath":"/api/products","ConnectionId":"0HN5L6GSP41FE"}
