{"@t":"2024-08-03T06:27:29.1884618Z","@m":"The WebRootPath was not found: \"D:\\Ravi\\TAP\\TAP\\TFLECommerce\\ECommerceSolution\\ShoppingStoreApp\\ShoppingStoreApp.Server\\wwwroot\". Static files may be unavailable.","@i":"3ae2c740","@l":"Warning","WebRootPath":"D:\\Ravi\\TAP\\TAP\\TFLECommerce\\ECommerceSolution\\ShoppingStoreApp\\ShoppingStoreApp.Server\\wwwroot","EventId":{"Id":16,"Name":"WebRootPathNotFound"},"SourceContext":"Microsoft.AspNetCore.StaticFiles.StaticFileMiddleware"}
{"@t":"2024-08-03T06:27:29.6293376Z","@m":"No SPA development server running at https://localhost:4200 found.","@i":"c4331bfa","SourceContext":"Microsoft.AspNetCore.SpaProxy.SpaProxyLaunchManager"}
{"@t":"2024-08-03T06:27:29.6919783Z","@m":"The WebRootPath was not found: \"D:\\Ravi\\TAP\\TAP\\TFLECommerce\\ECommerceSolution\\ShoppingStoreApp\\ShoppingStoreApp.Server\\wwwroot\". Static files may be unavailable.","@i":"3ae2c740","@l":"Warning","WebRootPath":"D:\\Ravi\\TAP\\TAP\\TFLECommerce\\ECommerceSolution\\ShoppingStoreApp\\ShoppingStoreApp.Server\\wwwroot","EventId":{"Id":16,"Name":"WebRootPathNotFound"},"SourceContext":"Microsoft.AspNetCore.StaticFiles.StaticFileMiddleware"}
{"@t":"2024-08-03T06:27:29.7818628Z","@m":"Now listening on: \"http://localhost:5268\"","@i":"d826f4b8","address":"http://localhost:5268","EventId":{"Id":14,"Name":"ListeningOnAddress"},"SourceContext":"Microsoft.Hosting.Lifetime"}
{"@t":"2024-08-03T06:27:29.7831982Z","@m":"Application started. Press Ctrl+C to shut down.","@i":"dcaefe54","SourceContext":"Microsoft.Hosting.Lifetime"}
{"@t":"2024-08-03T06:27:29.7837535Z","@m":"Hosting environment: \"Development\"","@i":"bc5a1a4e","EnvName":"Development","SourceContext":"Microsoft.Hosting.Lifetime"}
{"@t":"2024-08-03T06:27:29.7838376Z","@m":"Content root path: \"D:\\Ravi\\TAP\\TAP\\TFLECommerce\\ECommerceSolution\\ShoppingStoreApp\\ShoppingStoreApp.Server\"","@i":"cc26f24e","ContentRoot":"D:\\Ravi\\TAP\\TAP\\TFLECommerce\\ECommerceSolution\\ShoppingStoreApp\\ShoppingStoreApp.Server","SourceContext":"Microsoft.Hosting.Lifetime"}
{"@t":"2024-08-03T06:27:35.8843099Z","@m":"Request starting \"HTTP/1.1\" \"GET\" \"http\"://\"localhost:5268\"\"\"\"/weatherforecast\"\"\" - null null","@i":"d509f86a","Protocol":"HTTP/1.1","Method":"GET","ContentType":null,"ContentLength":null,"Scheme":"http","Host":"localhost:5268","PathBase":"","Path":"/weatherforecast","QueryString":"","EventId":{"Id":1},"SourceContext":"Microsoft.AspNetCore.Hosting.Diagnostics","RequestId":"0HN5JGLCU3J7L:00000001","RequestPath":"/weatherforecast","ConnectionId":"0HN5JGLCU3J7L"}
{"@t":"2024-08-03T06:27:36.1773235Z","@m":"Executing endpoint '\"ShoppingStoreApp.Server.Controllers.WeatherForecastController.Get (ShoppingStoreApp.Server)\"'","@i":"500cc934","EndpointName":"ShoppingStoreApp.Server.Controllers.WeatherForecastController.Get (ShoppingStoreApp.Server)","EventId":{"Name":"ExecutingEndpoint"},"SourceContext":"Microsoft.AspNetCore.Routing.EndpointMiddleware","RequestId":"0HN5JGLCU3J7L:00000001","RequestPath":"/weatherforecast","ConnectionId":"0HN5JGLCU3J7L"}
{"@t":"2024-08-03T06:27:36.2140696Z","@m":"Route matched with \"{action = \\\"Get\\\", controller = \\\"WeatherForecast\\\"}\". Executing controller action with signature \"System.Collections.Generic.IEnumerable`1[ShoppingStoreApp.Server.WeatherForecast] Get()\" on controller \"ShoppingStoreApp.Server.Controllers.WeatherForecastController\" (\"ShoppingStoreApp.Server\").","@i":"122b2fdf","RouteData":"{action = \"Get\", controller = \"WeatherForecast\"}","MethodInfo":"System.Collections.Generic.IEnumerable`1[ShoppingStoreApp.Server.WeatherForecast] Get()","Controller":"ShoppingStoreApp.Server.Controllers.WeatherForecastController","AssemblyName":"ShoppingStoreApp.Server","EventId":{"Id":102,"Name":"ControllerActionExecuting"},"SourceContext":"Microsoft.AspNetCore.Mvc.Infrastructure.ControllerActionInvoker","ActionId":"61ef0019-3a9b-4841-9ad9-bcc5829076f6","ActionName":"ShoppingStoreApp.Server.Controllers.WeatherForecastController.Get (ShoppingStoreApp.Server)","RequestId":"0HN5JGLCU3J7L:00000001","RequestPath":"/weatherforecast","ConnectionId":"0HN5JGLCU3J7L"}
{"@t":"2024-08-03T06:27:36.2372244Z","@m":"Executing \"ObjectResult\", writing value of type '\"ShoppingStoreApp.Server.WeatherForecast[]\"'.","@i":"605b4265","ObjectResultType":"ObjectResult","Type":"ShoppingStoreApp.Server.WeatherForecast[]","EventId":{"Id":1,"Name":"ObjectResultExecuting"},"SourceContext":"Microsoft.AspNetCore.Mvc.Infrastructure.ObjectResultExecutor","ActionId":"61ef0019-3a9b-4841-9ad9-bcc5829076f6","ActionName":"ShoppingStoreApp.Server.Controllers.WeatherForecastController.Get (ShoppingStoreApp.Server)","RequestId":"0HN5JGLCU3J7L:00000001","RequestPath":"/weatherforecast","ConnectionId":"0HN5JGLCU3J7L"}
{"@t":"2024-08-03T06:27:36.3110661Z","@m":"Executed action \"ShoppingStoreApp.Server.Controllers.WeatherForecastController.Get (ShoppingStoreApp.Server)\" in 89.1112ms","@i":"afa2e885","ActionName":"ShoppingStoreApp.Server.Controllers.WeatherForecastController.Get (ShoppingStoreApp.Server)","ElapsedMilliseconds":89.1112,"EventId":{"Id":105,"Name":"ActionExecuted"},"SourceContext":"Microsoft.AspNetCore.Mvc.Infrastructure.ControllerActionInvoker","RequestId":"0HN5JGLCU3J7L:00000001","RequestPath":"/weatherforecast","ConnectionId":"0HN5JGLCU3J7L"}
{"@t":"2024-08-03T06:27:36.3120562Z","@m":"Executed endpoint '\"ShoppingStoreApp.Server.Controllers.WeatherForecastController.Get (ShoppingStoreApp.Server)\"'","@i":"99874f2b","EndpointName":"ShoppingStoreApp.Server.Controllers.WeatherForecastController.Get (ShoppingStoreApp.Server)","EventId":{"Id":1,"Name":"ExecutedEndpoint"},"SourceContext":"Microsoft.AspNetCore.Routing.EndpointMiddleware","RequestId":"0HN5JGLCU3J7L:00000001","RequestPath":"/weatherforecast","ConnectionId":"0HN5JGLCU3J7L"}
{"@t":"2024-08-03T06:27:36.3181029Z","@m":"Request finished \"HTTP/1.1\" \"GET\" \"http\"://\"localhost:5268\"\"\"\"/weatherforecast\"\"\" - 200 null \"application/json; charset=utf-8\" 513.152ms","@i":"74253ad3","ElapsedMilliseconds":513.152,"StatusCode":200,"ContentType":"application/json; charset=utf-8","ContentLength":null,"Protocol":"HTTP/1.1","Method":"GET","Scheme":"http","Host":"localhost:5268","PathBase":"","Path":"/weatherforecast","QueryString":"","EventId":{"Id":2},"SourceContext":"Microsoft.AspNetCore.Hosting.Diagnostics","RequestId":"0HN5JGLCU3J7L:00000001","RequestPath":"/weatherforecast","ConnectionId":"0HN5JGLCU3J7L"}
{"@t":"2024-08-03T06:27:36.5317574Z","@m":"Request starting \"HTTP/1.1\" \"GET\" \"http\"://\"localhost:5268\"\"\"\"/favicon.ico\"\"\" - null null","@i":"d509f86a","Protocol":"HTTP/1.1","Method":"GET","ContentType":null,"ContentLength":null,"Scheme":"http","Host":"localhost:5268","PathBase":"","Path":"/favicon.ico","QueryString":"","EventId":{"Id":1},"SourceContext":"Microsoft.AspNetCore.Hosting.Diagnostics","RequestId":"0HN5JGLCU3J7L:00000002","RequestPath":"/favicon.ico","ConnectionId":"0HN5JGLCU3J7L"}
{"@t":"2024-08-03T06:27:36.5381618Z","@m":"Request finished \"HTTP/1.1\" \"GET\" \"http\"://\"localhost:5268\"\"\"\"/favicon.ico\"\"\" - 404 0 null 6.645ms","@i":"74253ad3","ElapsedMilliseconds":6.645,"StatusCode":404,"ContentType":null,"ContentLength":0,"Protocol":"HTTP/1.1","Method":"GET","Scheme":"http","Host":"localhost:5268","PathBase":"","Path":"/favicon.ico","QueryString":"","EventId":{"Id":2},"SourceContext":"Microsoft.AspNetCore.Hosting.Diagnostics","RequestId":"0HN5JGLCU3J7L:00000002","RequestPath":"/favicon.ico","ConnectionId":"0HN5JGLCU3J7L"}
{"@t":"2024-08-03T06:27:36.5387248Z","@m":"Request reached the end of the middleware pipeline without being handled by application code. Request path: \"GET\" \"http\"://\"localhost:5268\"\"\"\"/favicon.ico\", Response status code: 404","@i":"e353595a","Method":"GET","Scheme":"http","Host":"localhost:5268","PathBase":"","Path":"/favicon.ico","StatusCode":404,"EventId":{"Id":16},"SourceContext":"Microsoft.AspNetCore.Hosting.Diagnostics","RequestId":"0HN5JGLCU3J7L:00000002","RequestPath":"/favicon.ico","ConnectionId":"0HN5JGLCU3J7L"}
{"@t":"2024-08-03T06:27:40.1721692Z","@m":"Request starting \"HTTP/1.1\" \"GET\" \"http\"://\"localhost:5268\"\"\"\"/api/products\"\"\" - null null","@i":"d509f86a","Protocol":"HTTP/1.1","Method":"GET","ContentType":null,"ContentLength":null,"Scheme":"http","Host":"localhost:5268","PathBase":"","Path":"/api/products","QueryString":"","EventId":{"Id":1},"SourceContext":"Microsoft.AspNetCore.Hosting.Diagnostics","RequestId":"0HN5JGLCU3J7L:00000003","RequestPath":"/api/products","ConnectionId":"0HN5JGLCU3J7L"}
{"@t":"2024-08-03T06:27:40.1796890Z","@m":"Executing endpoint '\"ShoppingStoreApp.Server.Controllers.ProductsController.GetAllProducts (ShoppingStoreApp.Server)\"'","@i":"500cc934","EndpointName":"ShoppingStoreApp.Server.Controllers.ProductsController.GetAllProducts (ShoppingStoreApp.Server)","EventId":{"Name":"ExecutingEndpoint"},"SourceContext":"Microsoft.AspNetCore.Routing.EndpointMiddleware","RequestId":"0HN5JGLCU3J7L:00000003","RequestPath":"/api/products","ConnectionId":"0HN5JGLCU3J7L"}
{"@t":"2024-08-03T06:27:40.1954528Z","@m":"Route matched with \"{action = \\\"GetAllProducts\\\", controller = \\\"Products\\\"}\". Executing controller action with signature \"System.Threading.Tasks.Task`1[System.Collections.Generic.IEnumerable`1[ShoppingStoreApp.Server.Models.Product]] GetAllProducts()\" on controller \"ShoppingStoreApp.Server.Controllers.ProductsController\" (\"ShoppingStoreApp.Server\").","@i":"122b2fdf","RouteData":"{action = \"GetAllProducts\", controller = \"Products\"}","MethodInfo":"System.Threading.Tasks.Task`1[System.Collections.Generic.IEnumerable`1[ShoppingStoreApp.Server.Models.Product]] GetAllProducts()","Controller":"ShoppingStoreApp.Server.Controllers.ProductsController","AssemblyName":"ShoppingStoreApp.Server","EventId":{"Id":102,"Name":"ControllerActionExecuting"},"SourceContext":"Microsoft.AspNetCore.Mvc.Infrastructure.ControllerActionInvoker","ActionId":"763ea7fb-ac5a-4bc8-a7a5-af7f44789417","ActionName":"ShoppingStoreApp.Server.Controllers.ProductsController.GetAllProducts (ShoppingStoreApp.Server)","RequestId":"0HN5JGLCU3J7L:00000003","RequestPath":"/api/products","ConnectionId":"0HN5JGLCU3J7L"}
{"@t":"2024-08-03T06:27:44.0401721Z","@m":"Get all products method invoked at  \"06:27:44\"","@i":"21e0685d","DT":"06:27:44","SourceContext":"ShoppingStoreApp.Server.Controllers.ProductsController","ActionId":"763ea7fb-ac5a-4bc8-a7a5-af7f44789417","ActionName":"ShoppingStoreApp.Server.Controllers.ProductsController.GetAllProducts (ShoppingStoreApp.Server)","RequestId":"0HN5JGLCU3J7L:00000003","RequestPath":"/api/products","ConnectionId":"0HN5JGLCU3J7L"}
{"@t":"2024-08-03T06:27:44.0424588Z","@m":"Executing \"ObjectResult\", writing value of type '\"System.Collections.Generic.List`1[[ShoppingStoreApp.Server.Models.Product, ShoppingStoreApp.Server, Version=1.0.0.0, Culture=neutral, PublicKeyToken=null]]\"'.","@i":"605b4265","ObjectResultType":"ObjectResult","Type":"System.Collections.Generic.List`1[[ShoppingStoreApp.Server.Models.Product, ShoppingStoreApp.Server, Version=1.0.0.0, Culture=neutral, PublicKeyToken=null]]","EventId":{"Id":1,"Name":"ObjectResultExecuting"},"SourceContext":"Microsoft.AspNetCore.Mvc.Infrastructure.ObjectResultExecutor","ActionId":"763ea7fb-ac5a-4bc8-a7a5-af7f44789417","ActionName":"ShoppingStoreApp.Server.Controllers.ProductsController.GetAllProducts (ShoppingStoreApp.Server)","RequestId":"0HN5JGLCU3J7L:00000003","RequestPath":"/api/products","ConnectionId":"0HN5JGLCU3J7L"}
{"@t":"2024-08-03T06:27:44.0574643Z","@m":"Executed action \"ShoppingStoreApp.Server.Controllers.ProductsController.GetAllProducts (ShoppingStoreApp.Server)\" in 3861.8637ms","@i":"afa2e885","ActionName":"ShoppingStoreApp.Server.Controllers.ProductsController.GetAllProducts (ShoppingStoreApp.Server)","ElapsedMilliseconds":3861.8637,"EventId":{"Id":105,"Name":"ActionExecuted"},"SourceContext":"Microsoft.AspNetCore.Mvc.Infrastructure.ControllerActionInvoker","RequestId":"0HN5JGLCU3J7L:00000003","RequestPath":"/api/products","ConnectionId":"0HN5JGLCU3J7L"}
{"@t":"2024-08-03T06:27:44.0580488Z","@m":"Executed endpoint '\"ShoppingStoreApp.Server.Controllers.ProductsController.GetAllProducts (ShoppingStoreApp.Server)\"'","@i":"99874f2b","EndpointName":"ShoppingStoreApp.Server.Controllers.ProductsController.GetAllProducts (ShoppingStoreApp.Server)","EventId":{"Id":1,"Name":"ExecutedEndpoint"},"SourceContext":"Microsoft.AspNetCore.Routing.EndpointMiddleware","RequestId":"0HN5JGLCU3J7L:00000003","RequestPath":"/api/products","ConnectionId":"0HN5JGLCU3J7L"}
{"@t":"2024-08-03T06:27:44.0598872Z","@m":"Request finished \"HTTP/1.1\" \"GET\" \"http\"://\"localhost:5268\"\"\"\"/api/products\"\"\" - 200 null \"application/json; charset=utf-8\" 3887.7833ms","@i":"74253ad3","ElapsedMilliseconds":3887.7833,"StatusCode":200,"ContentType":"application/json; charset=utf-8","ContentLength":null,"Protocol":"HTTP/1.1","Method":"GET","Scheme":"http","Host":"localhost:5268","PathBase":"","Path":"/api/products","QueryString":"","EventId":{"Id":2},"SourceContext":"Microsoft.AspNetCore.Hosting.Diagnostics","RequestId":"0HN5JGLCU3J7L:00000003","RequestPath":"/api/products","ConnectionId":"0HN5JGLCU3J7L"}
{"@t":"2024-08-03T06:48:51.9422085Z","@m":"The WebRootPath was not found: \"D:\\Ravi\\TAP\\TAP\\TFLECommerce\\ECommerceSolution\\ShoppingStoreApp\\ShoppingStoreApp.Server\\wwwroot\". Static files may be unavailable.","@i":"3ae2c740","@l":"Warning","WebRootPath":"D:\\Ravi\\TAP\\TAP\\TFLECommerce\\ECommerceSolution\\ShoppingStoreApp\\ShoppingStoreApp.Server\\wwwroot","EventId":{"Id":16,"Name":"WebRootPathNotFound"},"SourceContext":"Microsoft.AspNetCore.StaticFiles.StaticFileMiddleware"}
{"@t":"2024-08-03T06:48:52.2680004Z","@m":"No SPA development server running at https://localhost:4200 found.","@i":"c4331bfa","SourceContext":"Microsoft.AspNetCore.SpaProxy.SpaProxyLaunchManager"}
{"@t":"2024-08-03T06:48:52.3114806Z","@m":"The WebRootPath was not found: \"D:\\Ravi\\TAP\\TAP\\TFLECommerce\\ECommerceSolution\\ShoppingStoreApp\\ShoppingStoreApp.Server\\wwwroot\". Static files may be unavailable.","@i":"3ae2c740","@l":"Warning","WebRootPath":"D:\\Ravi\\TAP\\TAP\\TFLECommerce\\ECommerceSolution\\ShoppingStoreApp\\ShoppingStoreApp.Server\\wwwroot","EventId":{"Id":16,"Name":"WebRootPathNotFound"},"SourceContext":"Microsoft.AspNetCore.StaticFiles.StaticFileMiddleware"}
{"@t":"2024-08-03T06:48:52.3682102Z","@m":"Now listening on: \"http://localhost:5268\"","@i":"d826f4b8","address":"http://localhost:5268","EventId":{"Id":14,"Name":"ListeningOnAddress"},"SourceContext":"Microsoft.Hosting.Lifetime"}
{"@t":"2024-08-03T06:48:52.3701812Z","@m":"Application started. Press Ctrl+C to shut down.","@i":"dcaefe54","SourceContext":"Microsoft.Hosting.Lifetime"}
{"@t":"2024-08-03T06:48:52.3710500Z","@m":"Hosting environment: \"Development\"","@i":"bc5a1a4e","EnvName":"Development","SourceContext":"Microsoft.Hosting.Lifetime"}
{"@t":"2024-08-03T06:48:52.3711591Z","@m":"Content root path: \"D:\\Ravi\\TAP\\TAP\\TFLECommerce\\ECommerceSolution\\ShoppingStoreApp\\ShoppingStoreApp.Server\"","@i":"cc26f24e","ContentRoot":"D:\\Ravi\\TAP\\TAP\\TFLECommerce\\ECommerceSolution\\ShoppingStoreApp\\ShoppingStoreApp.Server","SourceContext":"Microsoft.Hosting.Lifetime"}
{"@t":"2024-08-03T06:48:53.4850629Z","@m":"Request starting \"HTTP/1.1\" \"GET\" \"http\"://\"localhost:5268\"\"\"\"/weatherforecast\"\"\" - null null","@i":"d509f86a","Protocol":"HTTP/1.1","Method":"GET","ContentType":null,"ContentLength":null,"Scheme":"http","Host":"localhost:5268","PathBase":"","Path":"/weatherforecast","QueryString":"","EventId":{"Id":1},"SourceContext":"Microsoft.AspNetCore.Hosting.Diagnostics","RequestId":"0HN5JH1B7T0MN:00000001","RequestPath":"/weatherforecast","ConnectionId":"0HN5JH1B7T0MN"}
{"@t":"2024-08-03T06:48:53.6400938Z","@m":"Executing endpoint '\"ShoppingStoreApp.Server.Controllers.WeatherForecastController.Get (ShoppingStoreApp.Server)\"'","@i":"500cc934","EndpointName":"ShoppingStoreApp.Server.Controllers.WeatherForecastController.Get (ShoppingStoreApp.Server)","EventId":{"Name":"ExecutingEndpoint"},"SourceContext":"Microsoft.AspNetCore.Routing.EndpointMiddleware","RequestId":"0HN5JH1B7T0MN:00000001","RequestPath":"/weatherforecast","ConnectionId":"0HN5JH1B7T0MN"}
{"@t":"2024-08-03T06:48:53.6640935Z","@m":"Route matched with \"{action = \\\"Get\\\", controller = \\\"WeatherForecast\\\"}\". Executing controller action with signature \"System.Collections.Generic.IEnumerable`1[ShoppingStoreApp.Server.WeatherForecast] Get()\" on controller \"ShoppingStoreApp.Server.Controllers.WeatherForecastController\" (\"ShoppingStoreApp.Server\").","@i":"122b2fdf","RouteData":"{action = \"Get\", controller = \"WeatherForecast\"}","MethodInfo":"System.Collections.Generic.IEnumerable`1[ShoppingStoreApp.Server.WeatherForecast] Get()","Controller":"ShoppingStoreApp.Server.Controllers.WeatherForecastController","AssemblyName":"ShoppingStoreApp.Server","EventId":{"Id":102,"Name":"ControllerActionExecuting"},"SourceContext":"Microsoft.AspNetCore.Mvc.Infrastructure.ControllerActionInvoker","ActionId":"ef36ff6b-50ac-4262-a909-4110e13a864f","ActionName":"ShoppingStoreApp.Server.Controllers.WeatherForecastController.Get (ShoppingStoreApp.Server)","RequestId":"0HN5JH1B7T0MN:00000001","RequestPath":"/weatherforecast","ConnectionId":"0HN5JH1B7T0MN"}
{"@t":"2024-08-03T06:48:53.6832729Z","@m":"Executing \"ObjectResult\", writing value of type '\"ShoppingStoreApp.Server.WeatherForecast[]\"'.","@i":"605b4265","ObjectResultType":"ObjectResult","Type":"ShoppingStoreApp.Server.WeatherForecast[]","EventId":{"Id":1,"Name":"ObjectResultExecuting"},"SourceContext":"Microsoft.AspNetCore.Mvc.Infrastructure.ObjectResultExecutor","ActionId":"ef36ff6b-50ac-4262-a909-4110e13a864f","ActionName":"ShoppingStoreApp.Server.Controllers.WeatherForecastController.Get (ShoppingStoreApp.Server)","RequestId":"0HN5JH1B7T0MN:00000001","RequestPath":"/weatherforecast","ConnectionId":"0HN5JH1B7T0MN"}
{"@t":"2024-08-03T06:48:53.7410927Z","@m":"Executed action \"ShoppingStoreApp.Server.Controllers.WeatherForecastController.Get (ShoppingStoreApp.Server)\" in 69.0795ms","@i":"afa2e885","ActionName":"ShoppingStoreApp.Server.Controllers.WeatherForecastController.Get (ShoppingStoreApp.Server)","ElapsedMilliseconds":69.0795,"EventId":{"Id":105,"Name":"ActionExecuted"},"SourceContext":"Microsoft.AspNetCore.Mvc.Infrastructure.ControllerActionInvoker","RequestId":"0HN5JH1B7T0MN:00000001","RequestPath":"/weatherforecast","ConnectionId":"0HN5JH1B7T0MN"}
{"@t":"2024-08-03T06:48:53.7412937Z","@m":"Executed endpoint '\"ShoppingStoreApp.Server.Controllers.WeatherForecastController.Get (ShoppingStoreApp.Server)\"'","@i":"99874f2b","EndpointName":"ShoppingStoreApp.Server.Controllers.WeatherForecastController.Get (ShoppingStoreApp.Server)","EventId":{"Id":1,"Name":"ExecutedEndpoint"},"SourceContext":"Microsoft.AspNetCore.Routing.EndpointMiddleware","RequestId":"0HN5JH1B7T0MN:00000001","RequestPath":"/weatherforecast","ConnectionId":"0HN5JH1B7T0MN"}
{"@t":"2024-08-03T06:48:53.7450304Z","@m":"Request finished \"HTTP/1.1\" \"GET\" \"http\"://\"localhost:5268\"\"\"\"/weatherforecast\"\"\" - 200 null \"application/json; charset=utf-8\" 271.3244ms","@i":"74253ad3","ElapsedMilliseconds":271.3244,"StatusCode":200,"ContentType":"application/json; charset=utf-8","ContentLength":null,"Protocol":"HTTP/1.1","Method":"GET","Scheme":"http","Host":"localhost:5268","PathBase":"","Path":"/weatherforecast","QueryString":"","EventId":{"Id":2},"SourceContext":"Microsoft.AspNetCore.Hosting.Diagnostics","RequestId":"0HN5JH1B7T0MN:00000001","RequestPath":"/weatherforecast","ConnectionId":"0HN5JH1B7T0MN"}
{"@t":"2024-08-03T06:48:59.9122360Z","@m":"Request starting \"HTTP/1.1\" \"GET\" \"http\"://\"localhost:5268\"\"\"\"/api/products\"\"\" - null null","@i":"d509f86a","Protocol":"HTTP/1.1","Method":"GET","ContentType":null,"ContentLength":null,"Scheme":"http","Host":"localhost:5268","PathBase":"","Path":"/api/products","QueryString":"","EventId":{"Id":1},"SourceContext":"Microsoft.AspNetCore.Hosting.Diagnostics","RequestId":"0HN5JH1B7T0MN:00000002","RequestPath":"/api/products","ConnectionId":"0HN5JH1B7T0MN"}
{"@t":"2024-08-03T06:48:59.9232788Z","@m":"Executing endpoint '\"ShoppingStoreApp.Server.Controllers.ProductsController.GetAllProducts (ShoppingStoreApp.Server)\"'","@i":"500cc934","EndpointName":"ShoppingStoreApp.Server.Controllers.ProductsController.GetAllProducts (ShoppingStoreApp.Server)","EventId":{"Name":"ExecutingEndpoint"},"SourceContext":"Microsoft.AspNetCore.Routing.EndpointMiddleware","RequestId":"0HN5JH1B7T0MN:00000002","RequestPath":"/api/products","ConnectionId":"0HN5JH1B7T0MN"}
{"@t":"2024-08-03T06:48:59.9377426Z","@m":"Route matched with \"{action = \\\"GetAllProducts\\\", controller = \\\"Products\\\"}\". Executing controller action with signature \"System.Threading.Tasks.Task`1[System.Collections.Generic.IEnumerable`1[ShoppingStoreApp.Server.Models.Product]] GetAllProducts()\" on controller \"ShoppingStoreApp.Server.Controllers.ProductsController\" (\"ShoppingStoreApp.Server\").","@i":"122b2fdf","RouteData":"{action = \"GetAllProducts\", controller = \"Products\"}","MethodInfo":"System.Threading.Tasks.Task`1[System.Collections.Generic.IEnumerable`1[ShoppingStoreApp.Server.Models.Product]] GetAllProducts()","Controller":"ShoppingStoreApp.Server.Controllers.ProductsController","AssemblyName":"ShoppingStoreApp.Server","EventId":{"Id":102,"Name":"ControllerActionExecuting"},"SourceContext":"Microsoft.AspNetCore.Mvc.Infrastructure.ControllerActionInvoker","ActionId":"22341d0f-736e-499b-a380-05c2cfb95d8e","ActionName":"ShoppingStoreApp.Server.Controllers.ProductsController.GetAllProducts (ShoppingStoreApp.Server)","RequestId":"0HN5JH1B7T0MN:00000002","RequestPath":"/api/products","ConnectionId":"0HN5JH1B7T0MN"}
{"@t":"2024-08-03T06:49:03.6337498Z","@m":"Get all products method invoked at  \"06:49:03\"","@i":"21e0685d","DT":"06:49:03","SourceContext":"ShoppingStoreApp.Server.Controllers.ProductsController","ActionId":"22341d0f-736e-499b-a380-05c2cfb95d8e","ActionName":"ShoppingStoreApp.Server.Controllers.ProductsController.GetAllProducts (ShoppingStoreApp.Server)","RequestId":"0HN5JH1B7T0MN:00000002","RequestPath":"/api/products","ConnectionId":"0HN5JH1B7T0MN"}
{"@t":"2024-08-03T06:49:03.6365714Z","@m":"Executing \"ObjectResult\", writing value of type '\"System.Collections.Generic.List`1[[ShoppingStoreApp.Server.Models.Product, ShoppingStoreApp.Server, Version=1.0.0.0, Culture=neutral, PublicKeyToken=null]]\"'.","@i":"605b4265","ObjectResultType":"ObjectResult","Type":"System.Collections.Generic.List`1[[ShoppingStoreApp.Server.Models.Product, ShoppingStoreApp.Server, Version=1.0.0.0, Culture=neutral, PublicKeyToken=null]]","EventId":{"Id":1,"Name":"ObjectResultExecuting"},"SourceContext":"Microsoft.AspNetCore.Mvc.Infrastructure.ObjectResultExecutor","ActionId":"22341d0f-736e-499b-a380-05c2cfb95d8e","ActionName":"ShoppingStoreApp.Server.Controllers.ProductsController.GetAllProducts (ShoppingStoreApp.Server)","RequestId":"0HN5JH1B7T0MN:00000002","RequestPath":"/api/products","ConnectionId":"0HN5JH1B7T0MN"}
{"@t":"2024-08-03T06:49:03.6582037Z","@m":"Executed action \"ShoppingStoreApp.Server.Controllers.ProductsController.GetAllProducts (ShoppingStoreApp.Server)\" in 3720.2534ms","@i":"afa2e885","ActionName":"ShoppingStoreApp.Server.Controllers.ProductsController.GetAllProducts (ShoppingStoreApp.Server)","ElapsedMilliseconds":3720.2534,"EventId":{"Id":105,"Name":"ActionExecuted"},"SourceContext":"Microsoft.AspNetCore.Mvc.Infrastructure.ControllerActionInvoker","RequestId":"0HN5JH1B7T0MN:00000002","RequestPath":"/api/products","ConnectionId":"0HN5JH1B7T0MN"}
{"@t":"2024-08-03T06:49:03.6591795Z","@m":"Executed endpoint '\"ShoppingStoreApp.Server.Controllers.ProductsController.GetAllProducts (ShoppingStoreApp.Server)\"'","@i":"99874f2b","EndpointName":"ShoppingStoreApp.Server.Controllers.ProductsController.GetAllProducts (ShoppingStoreApp.Server)","EventId":{"Id":1,"Name":"ExecutedEndpoint"},"SourceContext":"Microsoft.AspNetCore.Routing.EndpointMiddleware","RequestId":"0HN5JH1B7T0MN:00000002","RequestPath":"/api/products","ConnectionId":"0HN5JH1B7T0MN"}
{"@t":"2024-08-03T06:49:03.6616181Z","@m":"Request finished \"HTTP/1.1\" \"GET\" \"http\"://\"localhost:5268\"\"\"\"/api/products\"\"\" - 200 null \"application/json; charset=utf-8\" 3749.6139ms","@i":"74253ad3","ElapsedMilliseconds":3749.6139,"StatusCode":200,"ContentType":"application/json; charset=utf-8","ContentLength":null,"Protocol":"HTTP/1.1","Method":"GET","Scheme":"http","Host":"localhost:5268","PathBase":"","Path":"/api/products","QueryString":"","EventId":{"Id":2},"SourceContext":"Microsoft.AspNetCore.Hosting.Diagnostics","RequestId":"0HN5JH1B7T0MN:00000002","RequestPath":"/api/products","ConnectionId":"0HN5JH1B7T0MN"}
{"@t":"2024-08-03T06:49:14.7653926Z","@m":"Request starting \"HTTP/1.1\" \"GET\" \"http\"://\"localhost:5268\"\"\"\"/api/products\"\"\" - null null","@i":"d509f86a","Protocol":"HTTP/1.1","Method":"GET","ContentType":null,"ContentLength":null,"Scheme":"http","Host":"localhost:5268","PathBase":"","Path":"/api/products","QueryString":"","EventId":{"Id":1},"SourceContext":"Microsoft.AspNetCore.Hosting.Diagnostics","RequestId":"0HN5JH1B7T0MP:00000001","RequestPath":"/api/products","ConnectionId":"0HN5JH1B7T0MP"}
{"@t":"2024-08-03T06:49:14.7763007Z","@m":"CORS policy execution successful.","@i":"5409d6ef","EventId":{"Id":4,"Name":"PolicySuccess"},"SourceContext":"Microsoft.AspNetCore.Cors.Infrastructure.CorsService","RequestId":"0HN5JH1B7T0MP:00000001","RequestPath":"/api/products","ConnectionId":"0HN5JH1B7T0MP"}
{"@t":"2024-08-03T06:49:14.7798446Z","@m":"CORS policy execution failed.","@i":"09b6f179","EventId":{"Id":5,"Name":"PolicyFailure"},"SourceContext":"Microsoft.AspNetCore.Cors.Infrastructure.CorsService","RequestId":"0HN5JH1B7T0MP:00000001","RequestPath":"/api/products","ConnectionId":"0HN5JH1B7T0MP"}
{"@t":"2024-08-03T06:49:14.7803026Z","@m":"Request origin \"http://localhost:4200\" does not have permission to access the resource.","@i":"a03d560b","origin":"http://localhost:4200","EventId":{"Id":6,"Name":"OriginNotAllowed"},"SourceContext":"Microsoft.AspNetCore.Cors.Infrastructure.CorsService","RequestId":"0HN5JH1B7T0MP:00000001","RequestPath":"/api/products","ConnectionId":"0HN5JH1B7T0MP"}
{"@t":"2024-08-03T06:49:14.7881010Z","@m":"CORS policy execution failed.","@i":"09b6f179","EventId":{"Id":5,"Name":"PolicyFailure"},"SourceContext":"Microsoft.AspNetCore.Cors.Infrastructure.CorsService","RequestId":"0HN5JH1B7T0MP:00000001","RequestPath":"/api/products","ConnectionId":"0HN5JH1B7T0MP"}
{"@t":"2024-08-03T06:49:14.7881631Z","@m":"Request origin \"http://localhost:4200\" does not have permission to access the resource.","@i":"a03d560b","origin":"http://localhost:4200","EventId":{"Id":6,"Name":"OriginNotAllowed"},"SourceContext":"Microsoft.AspNetCore.Cors.Infrastructure.CorsService","RequestId":"0HN5JH1B7T0MP:00000001","RequestPath":"/api/products","ConnectionId":"0HN5JH1B7T0MP"}
{"@t":"2024-08-03T06:49:14.7882382Z","@m":"Executing endpoint '\"ShoppingStoreApp.Server.Controllers.ProductsController.GetAllProducts (ShoppingStoreApp.Server)\"'","@i":"500cc934","EndpointName":"ShoppingStoreApp.Server.Controllers.ProductsController.GetAllProducts (ShoppingStoreApp.Server)","EventId":{"Name":"ExecutingEndpoint"},"SourceContext":"Microsoft.AspNetCore.Routing.EndpointMiddleware","RequestId":"0HN5JH1B7T0MP:00000001","RequestPath":"/api/products","ConnectionId":"0HN5JH1B7T0MP"}
{"@t":"2024-08-03T06:49:14.7884505Z","@m":"Route matched with \"{action = \\\"GetAllProducts\\\", controller = \\\"Products\\\"}\". Executing controller action with signature \"System.Threading.Tasks.Task`1[System.Collections.Generic.IEnumerable`1[ShoppingStoreApp.Server.Models.Product]] GetAllProducts()\" on controller \"ShoppingStoreApp.Server.Controllers.ProductsController\" (\"ShoppingStoreApp.Server\").","@i":"122b2fdf","RouteData":"{action = \"GetAllProducts\", controller = \"Products\"}","MethodInfo":"System.Threading.Tasks.Task`1[System.Collections.Generic.IEnumerable`1[ShoppingStoreApp.Server.Models.Product]] GetAllProducts()","Controller":"ShoppingStoreApp.Server.Controllers.ProductsController","AssemblyName":"ShoppingStoreApp.Server","EventId":{"Id":102,"Name":"ControllerActionExecuting"},"SourceContext":"Microsoft.AspNetCore.Mvc.Infrastructure.ControllerActionInvoker","ActionId":"22341d0f-736e-499b-a380-05c2cfb95d8e","ActionName":"ShoppingStoreApp.Server.Controllers.ProductsController.GetAllProducts (ShoppingStoreApp.Server)","RequestId":"0HN5JH1B7T0MP:00000001","RequestPath":"/api/products","ConnectionId":"0HN5JH1B7T0MP"}
{"@t":"2024-08-03T06:49:17.8160079Z","@m":"Get all products method invoked at  \"06:49:17\"","@i":"21e0685d","DT":"06:49:17","SourceContext":"ShoppingStoreApp.Server.Controllers.ProductsController","ActionId":"22341d0f-736e-499b-a380-05c2cfb95d8e","ActionName":"ShoppingStoreApp.Server.Controllers.ProductsController.GetAllProducts (ShoppingStoreApp.Server)","RequestId":"0HN5JH1B7T0MP:00000001","RequestPath":"/api/products","ConnectionId":"0HN5JH1B7T0MP"}
{"@t":"2024-08-03T06:49:17.8162757Z","@m":"Executing \"ObjectResult\", writing value of type '\"System.Collections.Generic.List`1[[ShoppingStoreApp.Server.Models.Product, ShoppingStoreApp.Server, Version=1.0.0.0, Culture=neutral, PublicKeyToken=null]]\"'.","@i":"605b4265","ObjectResultType":"ObjectResult","Type":"System.Collections.Generic.List`1[[ShoppingStoreApp.Server.Models.Product, ShoppingStoreApp.Server, Version=1.0.0.0, Culture=neutral, PublicKeyToken=null]]","EventId":{"Id":1,"Name":"ObjectResultExecuting"},"SourceContext":"Microsoft.AspNetCore.Mvc.Infrastructure.ObjectResultExecutor","ActionId":"22341d0f-736e-499b-a380-05c2cfb95d8e","ActionName":"ShoppingStoreApp.Server.Controllers.ProductsController.GetAllProducts (ShoppingStoreApp.Server)","RequestId":"0HN5JH1B7T0MP:00000001","RequestPath":"/api/products","ConnectionId":"0HN5JH1B7T0MP"}
{"@t":"2024-08-03T06:49:17.8178589Z","@m":"Executed action \"ShoppingStoreApp.Server.Controllers.ProductsController.GetAllProducts (ShoppingStoreApp.Server)\" in 3029.301ms","@i":"afa2e885","ActionName":"ShoppingStoreApp.Server.Controllers.ProductsController.GetAllProducts (ShoppingStoreApp.Server)","ElapsedMilliseconds":3029.301,"EventId":{"Id":105,"Name":"ActionExecuted"},"SourceContext":"Microsoft.AspNetCore.Mvc.Infrastructure.ControllerActionInvoker","RequestId":"0HN5JH1B7T0MP:00000001","RequestPath":"/api/products","ConnectionId":"0HN5JH1B7T0MP"}
{"@t":"2024-08-03T06:49:17.8179132Z","@m":"Executed endpoint '\"ShoppingStoreApp.Server.Controllers.ProductsController.GetAllProducts (ShoppingStoreApp.Server)\"'","@i":"99874f2b","EndpointName":"ShoppingStoreApp.Server.Controllers.ProductsController.GetAllProducts (ShoppingStoreApp.Server)","EventId":{"Id":1,"Name":"ExecutedEndpoint"},"SourceContext":"Microsoft.AspNetCore.Routing.EndpointMiddleware","RequestId":"0HN5JH1B7T0MP:00000001","RequestPath":"/api/products","ConnectionId":"0HN5JH1B7T0MP"}
{"@t":"2024-08-03T06:49:17.8180595Z","@m":"Request finished \"HTTP/1.1\" \"GET\" \"http\"://\"localhost:5268\"\"\"\"/api/products\"\"\" - 200 null \"application/json; charset=utf-8\" 3052.7909ms","@i":"74253ad3","ElapsedMilliseconds":3052.7909,"StatusCode":200,"ContentType":"application/json; charset=utf-8","ContentLength":null,"Protocol":"HTTP/1.1","Method":"GET","Scheme":"http","Host":"localhost:5268","PathBase":"","Path":"/api/products","QueryString":"","EventId":{"Id":2},"SourceContext":"Microsoft.AspNetCore.Hosting.Diagnostics","RequestId":"0HN5JH1B7T0MP:00000001","RequestPath":"/api/products","ConnectionId":"0HN5JH1B7T0MP"}
{"@t":"2024-08-03T06:50:53.7244510Z","@m":"Unable to connect to the SPA development server at 'https://localhost:4200'.","@i":"2081256f","@l":"Error","SourceContext":"Microsoft.AspNetCore.SpaProxy.SpaProxyLaunchManager"}
{"@t":"2024-08-03T06:54:34.4632968Z","@m":"Request starting \"HTTP/1.1\" \"GET\" \"http\"://\"localhost:5268\"\"\"\"/api/products\"\"\" - null null","@i":"d509f86a","Protocol":"HTTP/1.1","Method":"GET","ContentType":null,"ContentLength":null,"Scheme":"http","Host":"localhost:5268","PathBase":"","Path":"/api/products","QueryString":"","EventId":{"Id":1},"SourceContext":"Microsoft.AspNetCore.Hosting.Diagnostics","RequestId":"0HN5JH1B7T0MQ:00000001","RequestPath":"/api/products","ConnectionId":"0HN5JH1B7T0MQ"}
{"@t":"2024-08-03T06:54:34.4636323Z","@m":"CORS policy execution successful.","@i":"5409d6ef","EventId":{"Id":4,"Name":"PolicySuccess"},"SourceContext":"Microsoft.AspNetCore.Cors.Infrastructure.CorsService","RequestId":"0HN5JH1B7T0MQ:00000001","RequestPath":"/api/products","ConnectionId":"0HN5JH1B7T0MQ"}
{"@t":"2024-08-03T06:54:34.4636839Z","@m":"CORS policy execution failed.","@i":"09b6f179","EventId":{"Id":5,"Name":"PolicyFailure"},"SourceContext":"Microsoft.AspNetCore.Cors.Infrastructure.CorsService","RequestId":"0HN5JH1B7T0MQ:00000001","RequestPath":"/api/products","ConnectionId":"0HN5JH1B7T0MQ"}
{"@t":"2024-08-03T06:54:34.4637068Z","@m":"Request origin \"http://localhost:4200\" does not have permission to access the resource.","@i":"a03d560b","origin":"http://localhost:4200","EventId":{"Id":6,"Name":"OriginNotAllowed"},"SourceContext":"Microsoft.AspNetCore.Cors.Infrastructure.CorsService","RequestId":"0HN5JH1B7T0MQ:00000001","RequestPath":"/api/products","ConnectionId":"0HN5JH1B7T0MQ"}
{"@t":"2024-08-03T06:54:34.4637438Z","@m":"CORS policy execution failed.","@i":"09b6f179","EventId":{"Id":5,"Name":"PolicyFailure"},"SourceContext":"Microsoft.AspNetCore.Cors.Infrastructure.CorsService","RequestId":"0HN5JH1B7T0MQ:00000001","RequestPath":"/api/products","ConnectionId":"0HN5JH1B7T0MQ"}
{"@t":"2024-08-03T06:54:34.4637564Z","@m":"Request origin \"http://localhost:4200\" does not have permission to access the resource.","@i":"a03d560b","origin":"http://localhost:4200","EventId":{"Id":6,"Name":"OriginNotAllowed"},"SourceContext":"Microsoft.AspNetCore.Cors.Infrastructure.CorsService","RequestId":"0HN5JH1B7T0MQ:00000001","RequestPath":"/api/products","ConnectionId":"0HN5JH1B7T0MQ"}
{"@t":"2024-08-03T06:54:34.4637878Z","@m":"Executing endpoint '\"ShoppingStoreApp.Server.Controllers.ProductsController.GetAllProducts (ShoppingStoreApp.Server)\"'","@i":"500cc934","EndpointName":"ShoppingStoreApp.Server.Controllers.ProductsController.GetAllProducts (ShoppingStoreApp.Server)","EventId":{"Name":"ExecutingEndpoint"},"SourceContext":"Microsoft.AspNetCore.Routing.EndpointMiddleware","RequestId":"0HN5JH1B7T0MQ:00000001","RequestPath":"/api/products","ConnectionId":"0HN5JH1B7T0MQ"}
{"@t":"2024-08-03T06:54:34.4639294Z","@m":"Route matched with \"{action = \\\"GetAllProducts\\\", controller = \\\"Products\\\"}\". Executing controller action with signature \"System.Threading.Tasks.Task`1[System.Collections.Generic.IEnumerable`1[ShoppingStoreApp.Server.Models.Product]] GetAllProducts()\" on controller \"ShoppingStoreApp.Server.Controllers.ProductsController\" (\"ShoppingStoreApp.Server\").","@i":"122b2fdf","RouteData":"{action = \"GetAllProducts\", controller = \"Products\"}","MethodInfo":"System.Threading.Tasks.Task`1[System.Collections.Generic.IEnumerable`1[ShoppingStoreApp.Server.Models.Product]] GetAllProducts()","Controller":"ShoppingStoreApp.Server.Controllers.ProductsController","AssemblyName":"ShoppingStoreApp.Server","EventId":{"Id":102,"Name":"ControllerActionExecuting"},"SourceContext":"Microsoft.AspNetCore.Mvc.Infrastructure.ControllerActionInvoker","ActionId":"22341d0f-736e-499b-a380-05c2cfb95d8e","ActionName":"ShoppingStoreApp.Server.Controllers.ProductsController.GetAllProducts (ShoppingStoreApp.Server)","RequestId":"0HN5JH1B7T0MQ:00000001","RequestPath":"/api/products","ConnectionId":"0HN5JH1B7T0MQ"}
{"@t":"2024-08-03T06:54:35.3131414Z","@m":"Request starting \"HTTP/1.1\" \"GET\" \"http\"://\"localhost:5268\"\"\"\"/api/products\"\"\" - null null","@i":"d509f86a","Protocol":"HTTP/1.1","Method":"GET","ContentType":null,"ContentLength":null,"Scheme":"http","Host":"localhost:5268","PathBase":"","Path":"/api/products","QueryString":"","EventId":{"Id":1},"SourceContext":"Microsoft.AspNetCore.Hosting.Diagnostics","RequestId":"0HN5JH1B7T0MR:00000001","RequestPath":"/api/products","ConnectionId":"0HN5JH1B7T0MR"}
{"@t":"2024-08-03T06:54:35.3133935Z","@m":"CORS policy execution successful.","@i":"5409d6ef","EventId":{"Id":4,"Name":"PolicySuccess"},"SourceContext":"Microsoft.AspNetCore.Cors.Infrastructure.CorsService","RequestId":"0HN5JH1B7T0MR:00000001","RequestPath":"/api/products","ConnectionId":"0HN5JH1B7T0MR"}
{"@t":"2024-08-03T06:54:35.3134401Z","@m":"CORS policy execution failed.","@i":"09b6f179","EventId":{"Id":5,"Name":"PolicyFailure"},"SourceContext":"Microsoft.AspNetCore.Cors.Infrastructure.CorsService","RequestId":"0HN5JH1B7T0MR:00000001","RequestPath":"/api/products","ConnectionId":"0HN5JH1B7T0MR"}
{"@t":"2024-08-03T06:54:35.3134635Z","@m":"Request origin \"http://localhost:4200\" does not have permission to access the resource.","@i":"a03d560b","origin":"http://localhost:4200","EventId":{"Id":6,"Name":"OriginNotAllowed"},"SourceContext":"Microsoft.AspNetCore.Cors.Infrastructure.CorsService","RequestId":"0HN5JH1B7T0MR:00000001","RequestPath":"/api/products","ConnectionId":"0HN5JH1B7T0MR"}
{"@t":"2024-08-03T06:54:35.3134895Z","@m":"CORS policy execution failed.","@i":"09b6f179","EventId":{"Id":5,"Name":"PolicyFailure"},"SourceContext":"Microsoft.AspNetCore.Cors.Infrastructure.CorsService","RequestId":"0HN5JH1B7T0MR:00000001","RequestPath":"/api/products","ConnectionId":"0HN5JH1B7T0MR"}
{"@t":"2024-08-03T06:54:35.3135003Z","@m":"Request origin \"http://localhost:4200\" does not have permission to access the resource.","@i":"a03d560b","origin":"http://localhost:4200","EventId":{"Id":6,"Name":"OriginNotAllowed"},"SourceContext":"Microsoft.AspNetCore.Cors.Infrastructure.CorsService","RequestId":"0HN5JH1B7T0MR:00000001","RequestPath":"/api/products","ConnectionId":"0HN5JH1B7T0MR"}
{"@t":"2024-08-03T06:54:35.3135304Z","@m":"Executing endpoint '\"ShoppingStoreApp.Server.Controllers.ProductsController.GetAllProducts (ShoppingStoreApp.Server)\"'","@i":"500cc934","EndpointName":"ShoppingStoreApp.Server.Controllers.ProductsController.GetAllProducts (ShoppingStoreApp.Server)","EventId":{"Name":"ExecutingEndpoint"},"SourceContext":"Microsoft.AspNetCore.Routing.EndpointMiddleware","RequestId":"0HN5JH1B7T0MR:00000001","RequestPath":"/api/products","ConnectionId":"0HN5JH1B7T0MR"}
{"@t":"2024-08-03T06:54:35.3136065Z","@m":"Route matched with \"{action = \\\"GetAllProducts\\\", controller = \\\"Products\\\"}\". Executing controller action with signature \"System.Threading.Tasks.Task`1[System.Collections.Generic.IEnumerable`1[ShoppingStoreApp.Server.Models.Product]] GetAllProducts()\" on controller \"ShoppingStoreApp.Server.Controllers.ProductsController\" (\"ShoppingStoreApp.Server\").","@i":"122b2fdf","RouteData":"{action = \"GetAllProducts\", controller = \"Products\"}","MethodInfo":"System.Threading.Tasks.Task`1[System.Collections.Generic.IEnumerable`1[ShoppingStoreApp.Server.Models.Product]] GetAllProducts()","Controller":"ShoppingStoreApp.Server.Controllers.ProductsController","AssemblyName":"ShoppingStoreApp.Server","EventId":{"Id":102,"Name":"ControllerActionExecuting"},"SourceContext":"Microsoft.AspNetCore.Mvc.Infrastructure.ControllerActionInvoker","ActionId":"22341d0f-736e-499b-a380-05c2cfb95d8e","ActionName":"ShoppingStoreApp.Server.Controllers.ProductsController.GetAllProducts (ShoppingStoreApp.Server)","RequestId":"0HN5JH1B7T0MR:00000001","RequestPath":"/api/products","ConnectionId":"0HN5JH1B7T0MR"}
{"@t":"2024-08-03T06:54:37.4831700Z","@m":"Get all products method invoked at  \"06:54:37\"","@i":"21e0685d","DT":"06:54:37","SourceContext":"ShoppingStoreApp.Server.Controllers.ProductsController","ActionId":"22341d0f-736e-499b-a380-05c2cfb95d8e","ActionName":"ShoppingStoreApp.Server.Controllers.ProductsController.GetAllProducts (ShoppingStoreApp.Server)","RequestId":"0HN5JH1B7T0MQ:00000001","RequestPath":"/api/products","ConnectionId":"0HN5JH1B7T0MQ"}
{"@t":"2024-08-03T06:54:37.4833331Z","@m":"Executing \"ObjectResult\", writing value of type '\"System.Collections.Generic.List`1[[ShoppingStoreApp.Server.Models.Product, ShoppingStoreApp.Server, Version=1.0.0.0, Culture=neutral, PublicKeyToken=null]]\"'.","@i":"605b4265","ObjectResultType":"ObjectResult","Type":"System.Collections.Generic.List`1[[ShoppingStoreApp.Server.Models.Product, ShoppingStoreApp.Server, Version=1.0.0.0, Culture=neutral, PublicKeyToken=null]]","EventId":{"Id":1,"Name":"ObjectResultExecuting"},"SourceContext":"Microsoft.AspNetCore.Mvc.Infrastructure.ObjectResultExecutor","ActionId":"22341d0f-736e-499b-a380-05c2cfb95d8e","ActionName":"ShoppingStoreApp.Server.Controllers.ProductsController.GetAllProducts (ShoppingStoreApp.Server)","RequestId":"0HN5JH1B7T0MQ:00000001","RequestPath":"/api/products","ConnectionId":"0HN5JH1B7T0MQ"}
{"@t":"2024-08-03T06:54:37.4959178Z","@m":"Executed action \"ShoppingStoreApp.Server.Controllers.ProductsController.GetAllProducts (ShoppingStoreApp.Server)\" in 3031.9345ms","@i":"afa2e885","ActionName":"ShoppingStoreApp.Server.Controllers.ProductsController.GetAllProducts (ShoppingStoreApp.Server)","ElapsedMilliseconds":3031.9345,"EventId":{"Id":105,"Name":"ActionExecuted"},"SourceContext":"Microsoft.AspNetCore.Mvc.Infrastructure.ControllerActionInvoker","RequestId":"0HN5JH1B7T0MQ:00000001","RequestPath":"/api/products","ConnectionId":"0HN5JH1B7T0MQ"}
{"@t":"2024-08-03T06:54:37.4959928Z","@m":"Executed endpoint '\"ShoppingStoreApp.Server.Controllers.ProductsController.GetAllProducts (ShoppingStoreApp.Server)\"'","@i":"99874f2b","EndpointName":"ShoppingStoreApp.Server.Controllers.ProductsController.GetAllProducts (ShoppingStoreApp.Server)","EventId":{"Id":1,"Name":"ExecutedEndpoint"},"SourceContext":"Microsoft.AspNetCore.Routing.EndpointMiddleware","RequestId":"0HN5JH1B7T0MQ:00000001","RequestPath":"/api/products","ConnectionId":"0HN5JH1B7T0MQ"}
{"@t":"2024-08-03T06:54:37.4961605Z","@m":"Request finished \"HTTP/1.1\" \"GET\" \"http\"://\"localhost:5268\"\"\"\"/api/products\"\"\" - 499 null \"application/json; charset=utf-8\" 3032.9438ms","@i":"74253ad3","ElapsedMilliseconds":3032.9438,"StatusCode":499,"ContentType":"application/json; charset=utf-8","ContentLength":null,"Protocol":"HTTP/1.1","Method":"GET","Scheme":"http","Host":"localhost:5268","PathBase":"","Path":"/api/products","QueryString":"","EventId":{"Id":2},"SourceContext":"Microsoft.AspNetCore.Hosting.Diagnostics","RequestId":"0HN5JH1B7T0MQ:00000001","RequestPath":"/api/products","ConnectionId":"0HN5JH1B7T0MQ"}
{"@t":"2024-08-03T06:54:38.3342610Z","@m":"Get all products method invoked at  \"06:54:38\"","@i":"21e0685d","DT":"06:54:38","SourceContext":"ShoppingStoreApp.Server.Controllers.ProductsController","ActionId":"22341d0f-736e-499b-a380-05c2cfb95d8e","ActionName":"ShoppingStoreApp.Server.Controllers.ProductsController.GetAllProducts (ShoppingStoreApp.Server)","RequestId":"0HN5JH1B7T0MR:00000001","RequestPath":"/api/products","ConnectionId":"0HN5JH1B7T0MR"}
{"@t":"2024-08-03T06:54:38.3344111Z","@m":"Executing \"ObjectResult\", writing value of type '\"System.Collections.Generic.List`1[[ShoppingStoreApp.Server.Models.Product, ShoppingStoreApp.Server, Version=1.0.0.0, Culture=neutral, PublicKeyToken=null]]\"'.","@i":"605b4265","ObjectResultType":"ObjectResult","Type":"System.Collections.Generic.List`1[[ShoppingStoreApp.Server.Models.Product, ShoppingStoreApp.Server, Version=1.0.0.0, Culture=neutral, PublicKeyToken=null]]","EventId":{"Id":1,"Name":"ObjectResultExecuting"},"SourceContext":"Microsoft.AspNetCore.Mvc.Infrastructure.ObjectResultExecutor","ActionId":"22341d0f-736e-499b-a380-05c2cfb95d8e","ActionName":"ShoppingStoreApp.Server.Controllers.ProductsController.GetAllProducts (ShoppingStoreApp.Server)","RequestId":"0HN5JH1B7T0MR:00000001","RequestPath":"/api/products","ConnectionId":"0HN5JH1B7T0MR"}
{"@t":"2024-08-03T06:54:38.3345973Z","@m":"Executed action \"ShoppingStoreApp.Server.Controllers.ProductsController.GetAllProducts (ShoppingStoreApp.Server)\" in 3020.9593ms","@i":"afa2e885","ActionName":"ShoppingStoreApp.Server.Controllers.ProductsController.GetAllProducts (ShoppingStoreApp.Server)","ElapsedMilliseconds":3020.9593,"EventId":{"Id":105,"Name":"ActionExecuted"},"SourceContext":"Microsoft.AspNetCore.Mvc.Infrastructure.ControllerActionInvoker","RequestId":"0HN5JH1B7T0MR:00000001","RequestPath":"/api/products","ConnectionId":"0HN5JH1B7T0MR"}
{"@t":"2024-08-03T06:54:38.3346496Z","@m":"Executed endpoint '\"ShoppingStoreApp.Server.Controllers.ProductsController.GetAllProducts (ShoppingStoreApp.Server)\"'","@i":"99874f2b","EndpointName":"ShoppingStoreApp.Server.Controllers.ProductsController.GetAllProducts (ShoppingStoreApp.Server)","EventId":{"Id":1,"Name":"ExecutedEndpoint"},"SourceContext":"Microsoft.AspNetCore.Routing.EndpointMiddleware","RequestId":"0HN5JH1B7T0MR:00000001","RequestPath":"/api/products","ConnectionId":"0HN5JH1B7T0MR"}
{"@t":"2024-08-03T06:54:38.3348647Z","@m":"Request finished \"HTTP/1.1\" \"GET\" \"http\"://\"localhost:5268\"\"\"\"/api/products\"\"\" - 200 null \"application/json; charset=utf-8\" 3021.7268ms","@i":"74253ad3","ElapsedMilliseconds":3021.7268,"StatusCode":200,"ContentType":"application/json; charset=utf-8","ContentLength":null,"Protocol":"HTTP/1.1","Method":"GET","Scheme":"http","Host":"localhost:5268","PathBase":"","Path":"/api/products","QueryString":"","EventId":{"Id":2},"SourceContext":"Microsoft.AspNetCore.Hosting.Diagnostics","RequestId":"0HN5JH1B7T0MR:00000001","RequestPath":"/api/products","ConnectionId":"0HN5JH1B7T0MR"}
